datetime,function,payer,receiver,days,net_frac,cpu_frac,max_payment,queue_max
2021-01-01T01:00:00.000,configrentbw,aaaaaaaaaaaa,aaaaaaaaaaaa,30,1000000000000,1000000000000,5000000.0001,0
2021-01-02T01:00:00.000,rentbw,aaaaaaaaaaaa,aaaaaaaaaaaa,30,1000000000000,1000000000000,5000000.0001,0
2021-01-03T01:00:00.000,rentbw,aaaaaaaaaaaa,aaaaaaaaaaaa,30,1000000000000,1000000000000,5000000.0001,0
2021-01-04T01:00:00.000,rentbw,aaaaaaaaaaaa,aaaaaaaaaaaa,30,1000000000000,1000000000000,5000000.0001,0
2021-01-05T01:00:00.000,rentbw,aaaaaaaaaaaa,aaaaaaaaaaaa,30,1000000000000,1000000000000,5000000.0001,0
2021-01-06T01:00:00.000,rentbw,aaaaaaaaaaaa,aaaaaaaaaaaa,30,1000000000000,1000000000000,5000000.0001,0
2021-01-07T01:00:00.000,rentbw,aaaaaaaaaaaa,aaaaaaaaaaaa,30,1000000000000,1000000000000,5000000.0001,0
2021-01-08T01:00:00.000,rentbw,aaaaaaaaaaaa,aaaaaaaaaaaa,30,1000000000000,1000000000000,5000000.0001,0
2021-01-09T01:00:00.000,rentbw,aaaaaaaaaaaa,aaaaaaaaaaaa,30,1000000000000,1000000000000,5000000.0001,0
2021-01-10T01:00:00.000,rentbw,aaaaaaaaaaaa,aaaaaaaaaaaa,30,1000000000000,1000000000000,5000000.0001,0
2021-01-11T01:00:00.000,rentbw,aaaaaaaaaaaa,aaaaaaaaaaaa,30,1000000000000,1000000000000,5000000.0001,0
2021-01-12T01:00:00.000,rentbw,aaaaaaaaaaaa,aaaaaaaaaaaa,30,1000000000000,1000000000000,5000000.0001,0
2021-01-13T01:00:00.000,rentbw,aaaaaaaaaaaa,aaaaaaaaaaaa,30,1000000000000,1000000000000,5000000.0001,0
2021-01-14T01:00:00.000,rentbw,aaaaaaaaaaaa,aaaaaaaaaaaa,30,1000000000000,1000000000000,5000000.0001,0
2021-01-15T01:00:00.000,rentbw,aaaaaaaaaaaa,aaaaaaaaaaaa,30,1000000000000,1000000000000,5000000.0001,0
2021-01-16T01:00:00.000,rentbw,aaaaaaaaaaaa,aaaaaaaaaaaa,30,1000000000000,1000000000000,5000000.0001,0
2021-01-17T01:00:00.000,rentbw,aaaaaaaaaaaa,aaaaaaaaaaaa,30,1000000000000,1000000000000,5000000.0001,0
2021-01-18T01:00:00.000,rentbw,aaaaaaaaaaaa,aaaaaaaaaaaa,30,1000000000000,1000000000000,5000000.0001,0
2021-01-19T01:00:00.000,rentbw,aaaaaaaaaaaa,aaaaaaaaaaaa,30,1000000000000,1000000000000,5000000.0001,0
2021-01-20T01:00:00.000,rentbw,aaaaaaaaaaaa,aaaaaaaaaaaa,30,1000000000000,1000000000000,5000000.0001,0
2021-01-21T01:00:00.000,rentbw,aaaaaaaaaaaa,aaaaaaaaaaaa,30,1000000000000,1000000000000,5000000.0001,0
2021-01-22T01:00:00.000,rentbw,aaaaaaaaaaaa,aaaaaaaaaaaa,30,1000000000000,1000000000000,5000000.0001,0
2021-01-23T01:00:00.000,rentbw,aaaaaaaaaaaa,aaaaaaaaaaaa,30,1000000000000,1000000000000,5000000.0001,0
2021-01-24T01:00:00.000,rentbw,aaaaaaaaaaaa,aaaaaaaaaaaa,30,1000000000000,1000000000000,5000000.0001,0
2021-01-25T01:00:00.000,rentbw,aaaaaaaaaaaa,aaaaaaaaaaaa,30,1000000000000,1000000000000,5000000.0001,0
2021-01-26T01:00:00.000,rentbw,aaaaaaaaaaaa,aaaaaaaaaaaa,30,1000000000000,1000000000000,5000000.0001,0
2021-01-27T01:00:00.000,rentbw,aaaaaaaaaaaa,aaaaaaaaaaaa,30,1000000000000,1000000000000,5000000.0001,0
2021-01-28T01:00:00.000,rentbw,aaaaaaaaaaaa,aaaaaaaaaaaa,30,1000000000000,1000000000000,5000000.0001,0
2021-01-29T01:00:00.000,rentbw,aaaaaaaaaaaa,aaaaaaaaaaaa,30,1000000000000,1000000000000,5000000.0001,0
2021-01-30T01:00:00.000,rentbw,aaaaaaaaaaaa,aaaaaaaaaaaa,30,1000000000000,1000000000000,5000000.0001,0
2021-01-31T01:00:00.000,rentbw,aaaaaaaaaaaa,aaaaaaaaaaaa,30,1000000000000,1000000000000,5000000.0001,0
2021-02-17T01:00:00.000,rentbwexec,aaaaaaaaaaaa,aaaaaaaaaaaa,30,0,0,0.0000,2
2021-02-18T01:00:00.000,rentbwexec,aaaaaaaaaaaa,aaaaaaaaaaaa,30,0,0,0.0000,2
2021-02-19T01:00:00.000,rentbwexec,aaaaaaaaaaaa,aaaaaaaaaaaa,30,0,0,0.0000,2
2021-02-20T01:00:00.000,rentbwexec,aaaaaaaaaaaa,aaaaaaaaaaaa,30,0,0,0.0000,2
2021-02-21T01:00:00.000,rentbwexec,aaaaaaaaaaaa,aaaaaaaaaaaa,30,0,0,0.0000,2
2021-02-22T01:00:00.000,rentbwexec,aaaaaaaaaaaa,aaaaaaaaaaaa,30,0,0,0.0000,2
2021-02-23T01:00:00.000,rentbwexec,aaaaaaaaaaaa,aaaaaaaaaaaa,30,0,0,0.0000,2
2021-02-24T01:00:00.000,rentbwexec,aaaaaaaaaaaa,aaaaaaaaaaaa,30,0,0,0.0000,2
2021-02-25T01:00:00.000,rentbwexec,aaaaaaaaaaaa,aaaaaaaaaaaa,30,0,0,0.0000,2
2021-02-26T01:00:00.000,rentbw,aaaaaaaaaaaa,aaaaaaaaaaaa,30,1000000000000,1000000000000,5000000.0001,0
2021-02-27T01:00:00.000,rentbw,aaaaaaaaaaaa,aaaaaaaaaaaa,30,1000000000000,1000000000000,5000000.0001,0
2021-02-28T01:00:00.000,rentbw,aaaaaaaaaaaa,aaaaaaaaaaaa,30,1000000000000,1000000000000,5000000.0001,0
2021-03-01T01:00:00.000,rentbw,aaaaaaaaaaaa,aaaaaaaaaaaa,30,1000000000000,1000000000000,5000000.0001,0
2021-03-02T01:00:00.000,rentbw,aaaaaaaaaaaa,aaaaaaaaaaaa,30,1000000000000,1000000000000,5000000.0001,0
2021-03-03T01:00:00.000,rentbw,aaaaaaaaaaaa,aaaaaaaaaaaa,30,1000000000000,1000000000000,5000000.0001,0
2021-03-04T01:00:00.000,rentbw,aaaaaaaaaaaa,aaaaaaaaaaaa,30,1000000000000,1000000000000,5000000.0001,0
2021-03-05T01:00:00.000,rentbw,aaaaaaaaaaaa,aaaaaaaaaaaa,30,1000000000000,1000000000000,5000000.0001,0
2021-03-06T01:00:00.000,rentbw,aaaaaaaaaaaa,aaaaaaaaaaaa,30,1000000000000,1000000000000,5000000.0001,0
2021-03-07T01:00:00.000,rentbw,aaaaaaaaaaaa,aaaaaaaaaaaa,30,1000000000000,1000000000000,5000000.0001,0
2021-03-08T01:00:00.000,rentbw,aaaaaaaaaaaa,aaaaaaaaaaaa,30,1000000000000,1000000000000,5000000.0001,0
2021-03-09T01:00:00.000,rentbw,aaaaaaaaaaaa,aaaaaaaaaaaa,30,1000000000000,1000000000000,5000000.0001,0
2021-03-10T01:00:00.000,rentbw,aaaaaaaaaaaa,aaaaaaaaaaaa,30,1000000000000,1000000000000,5000000.0001,0
2021-03-11T01:00:00.000,rentbw,aaaaaaaaaaaa,aaaaaaaaaaaa,30,1000000000000,1000000000000,5000000.0001,0
2021-03-12T01:00:00.000,rentbw,aaaaaaaaaaaa,aaaaaaaaaaaa,30,1000000000000,1000000000000,5000000.0001,0
2021-03-13T01:00:00.000,rentbw,aaaaaaaaaaaa,aaaaaaaaaaaa,30,1000000000000,1000000000000,5000000.0001,0
2021-03-14T01:00:00.000,rentbw,aaaaaaaaaaaa,aaaaaaaaaaaa,30,1000000000000,1000000000000,5000000.0001,0
2021-03-15T01:00:00.000,rentbw,aaaaaaaaaaaa,aaaaaaaaaaaa,30,1000000000000,1000000000000,5000000.0001,0
2021-03-16T01:00:00.000,rentbw,aaaaaaaaaaaa,aaaaaaaaaaaa,30,1000000000000,1000000000000,5000000.0001,0
2021-03-17T01:00:00.000,rentbw,aaaaaaaaaaaa,aaaaaaaaaaaa,30,1000000000000,1000000000000,5000000.0001,0
2021-03-18T01:00:00.000,rentbw,aaaaaaaaaaaa,aaaaaaaaaaaa,30,1000000000000,1000000000000,5000000.0001,0
2021-03-19T01:00:00.000,rentbw,aaaaaaaaaaaa,aaaaaaaaaaaa,30,1000000000000,1000000000000,5000000.0001,0
2021-03-20T01:00:00.000,rentbw,aaaaaaaaaaaa,aaaaaaaaaaaa,30,1000000000000,1000000000000,5000000.0001,0
2021-03-21T01:00:00.000,rentbw,aaaaaaaaaaaa,aaaaaaaaaaaa,30,1000000000000,1000000000000,5000000.0001,0
2021-03-22T01:00:00.000,rentbw,aaaaaaaaaaaa,aaaaaaaaaaaa,30,1000000000000,1000000000000,5000000.0001,0
2021-03-23T01:00:00.000,rentbw,aaaaaaaaaaaa,aaaaaaaaaaaa,30,1000000000000,1000000000000,5000000.0001,0
2021-03-24T01:00:00.000,rentbw,aaaaaaaaaaaa,aaaaaaaaaaaa,30,1000000000000,1000000000000,5000000.0001,0
2021-03-25T01:00:00.000,rentbw,aaaaaaaaaaaa,aaaaaaaaaaaa,30,1000000000000,1000000000000,5000000.0001,0
2021-03-26T01:00:00.000,rentbw,aaaaaaaaaaaa,aaaaaaaaaaaa,30,1000000000000,1000000000000,5000000.0001,0
2021-03-27T01:00:00.000,rentbw,aaaaaaaaaaaa,aaaaaaaaaaaa,30,1000000000000,1000000000000,5000000.0001,0
2021-03-28T01:00:00.000,rentbw,aaaaaaaaaaaa,aaaaaaaaaaaa,30,1000000000000,1000000000000,5000000.0001,0
2021-03-29T01:00:00.000,rentbw,aaaaaaaaaaaa,aaaaaaaaaaaa,30,1000000000000,1000000000000,5000000.0001,0
2021-03-30T01:00:00.000,rentbw,aaaaaaaaaaaa,aaaaaaaaaaaa,30,1000000000000,1000000000000,5000000.0001,0
